<beans xmlns="http://www.springframework.org/schema/beans"
       xmlns:context="http://www.springframework.org/schema/context"
       xmlns:mvc="http://www.springframework.org/schema/mvc"
       xmlns:xsi="http://www.w3.org/2001/XMLSchema-instance"
       xmlns:task="http://www.springframework.org/schema/task"
       xsi:schemaLocation="
        http://www.springframework.org/schema/beans
        http://www.springframework.org/schema/beans/spring-beans-3.1.xsd
        http://www.springframework.org/schema/context
        http://www.springframework.org/schema/context/spring-context-3.1.xsd
        http://www.springframework.org/schema/task
        http://www.springframework.org/schema/task/spring-task-3.1.xsd
        http://www.springframework.org/schema/mvc
        http://www.springframework.org/schema/mvc/spring-mvc-3.1.xsd">

    <!-- 开启自动扫包 -->
    <context:component-scan base-package="gov.gz.hydrology.controller,gov.gz.hydrology.service,gov.gz.hydrology.dao" />

    <mvc:annotation-driven ignoreDefaultModelOnRedirect="true" />

    <!-- 配置视图解析 -->
    <bean id="viewResolver" class="org.springframework.web.servlet.view.InternalResourceViewResolver">
        <property name="prefix" value="/WEB-INF/views/" />
        <property name="suffix" value=".jsp" />
    </bean>

    <mvc:resources mapping="/assets/**" location="/WEB-INF/assets/" />

    <!-- 引入外部数据源配置信息 -->
    <context:property-placeholder location="classpath:jdbc.properties" />

    <!-- 配置数据源 -->
    <!-- bean id="dataSource" class="org.springframework.jdbc.datasource.DriverManagerDataSource">
        <property name="driverClassName" value="${jdbc.driver}" />
        <property name="url" value="${jdbc.url}" />
        <property name="username" value="${jdbc.username}" />
        <property name="password" value="${jdbc.password}" />
    </bean -->
    	
    <bean id="druidDataSource" class="com.alibaba.druid.pool.DruidDataSource" init-method="init" destroy-method="close">
    	<property name="url" value="${jdbc.url}" />
        <property name="username" value="${jdbc.username}" />
        <property name="password" value="${jdbc.password}" />
        
        <!-- 配置初始化大小、最小、最大 -->
		<property name="initialSize" value="10" />
		<property name="minIdle" value="50" />
		<property name="maxActive" value="50" />

		<!-- 配置获取连接等待超时的时间 -->
		<property name="maxWait" value="60000" />

		<!-- 配置间隔多久才进行一次检测，检测需要关闭的空闲连接，单位是毫秒 -->
		<property name="timeBetweenEvictionRunsMillis" value="60000" />

		<!-- 配置一个连接在池中最小生存的时间，单位是毫秒 -->
		<property name="minEvictableIdleTimeMillis" value="300000" />

		<property name="validationQuery" value="SELECT 'x'" />
		<property name="testWhileIdle" value="true" />
		<property name="testOnBorrow" value="false" />
		<property name="testOnReturn" value="false" />

		<!-- 打开PSCache，并且指定每个连接上PSCache的大小 -->
		<property name="poolPreparedStatements" value="false" />
		<property name="maxPoolPreparedStatementPerConnectionSize" value="20" />
		
		<!-- 配置监控统计拦截的filters -->
		<property name="filters" value="stat" />
    </bean>

    <!-- 配置Hibernate的SessionFactory -->
    <bean id="sessionFactory" class="org.springframework.orm.hibernate4.LocalSessionFactoryBean">
        <!-- 注入连接池 -->
        <property name="dataSource" ref="druidDataSource"/>
        <!-- 配置Hibernate属性 -->
        <property name="hibernateProperties">
            <props>
                <prop key="hibernate.show_sql">true</prop><!-- 是否展示SQL -->
                <prop key="hibernate.hbm2ddl.auto">update</prop><!-- 是否自动创建表结构 -->
                <prop key="hibernate.dialect">org.hibernate.dialect.MySQL5InnoDBDialect</prop>
            </props>
        </property>
        <!-- 扫描并加载注解过的实体类 -->
        <property name="packagesToScan" value="com.chain.entity"/>
        <property name="mappingLocations" value="classpath:/gov/gz/hydrology/mapping/*.hbm.xml"></property>
    </bean>
</beans>